<?xml version="1.0" encoding="UTF-8" standalone="yes"?>
<addon id="plugin.program.xxhelperxx" name="xXHelperXx Wizard" version="1.0.5" provider-name="Free World">
    <requires>
        <import addon="xbmc.python" version="2.1.0" />
        <import addon="script.module.requests" />
        <import addon="script.module.six" />
    </requires>
    
    <extension point="xbmc.python.pluginsource" library="default.py">
        <provides>executable</provides>
    </extension>
    
    <extension point="xbmc.service" library="startup.py" start="startup" />
    
    <extension point="xbmc.addon.metadata">
        <summary lang="en">[COLOR dodgerblue]xXHelperXx[/COLOR]</summary>
        <description lang="en">[COLOR lime]Enjoy From Lightweight Build[/COLOR]</description>
        <platform>all</platform>
        <reuselanguageinvoker>false</reuselanguageinvoker>
        <source>http://</source>
        <news>
        </news>
        <assets>
            <icon>icon.png</icon>
            <fanart>fanart.png</fanart>
        </assets>
    </extension>
</addon>